6pwdy6oQdwSQo8XOfpfAJJ,This Land,rock,01aC2ikO4Xgb2LUpf9JfKp
7ylR7WyMyjtaq0eQBHmHyN,Live North America 2016,rock,01aC2ikO4Xgb2LUpf9JfKp
5gRwx5vpeXUA75GmuqwByn,The Story of Sonny Boy Slim,rock,01aC2ikO4Xgb2LUpf9JfKp
4jLUg6wWnd0vB4CcPSPS6Q,Gary Clark Jr. Live,rock,01aC2ikO4Xgb2LUpf9JfKp
0YCTY6KpkPWp2etKx9ZNyM,Blak and Blu,rock,01aC2ikO4Xgb2LUpf9JfKp
1diWV7CGhtMjBlufPl9boS,The Bright Lights,rock,01aC2ikO4Xgb2LUpf9JfKp
477gzTVWjJWGc7kFTvzwma,Ga Ga Ga Ga Ga (2017 Remaster),rock,0K1q0nXQ8is36PzOKAMbNe
1OPdyA7ZW7zIZEmSqThRGy,Hot Thoughts,rock,0K1q0nXQ8is36PzOKAMbNe
2qGq0iQFEjrcDprsd7QSFx,They Want My Soul,rock,0K1q0nXQ8is36PzOKAMbNe
33bmbJ5x8g1IEMEGJ8ul1g,Transference,rock,0K1q0nXQ8is36PzOKAMbNe
5ypZiViPNDX7ahiPSWQYTW,Transference,rock,0K1q0nXQ8is36PzOKAMbNe
66B98tHjUhIQZJdK2JZmdV,Get Nice!,rock,0K1q0nXQ8is36PzOKAMbNe
0kJgrgtVVjh0qqFWPAF5ut,Ga Ga Ga Ga Ga,rock,0K1q0nXQ8is36PzOKAMbNe
3pxmFMtf3MfeBOsHRvpaqt,Gimme Fiction,rock,0K1q0nXQ8is36PzOKAMbNe
519PD4UWRalte2kjiiPY8i,Kill the Moonlight,rock,0K1q0nXQ8is36PzOKAMbNe
1pitNtT99leODbWecrt7XJ,Girls Can Tell,rock,0K1q0nXQ8is36PzOKAMbNe
044qqIqDYd2wtffHwyiI2h,A Series of Sneaks,rock,0K1q0nXQ8is36PzOKAMbNe
6yYnYMfiw6VuN8XdNewPvG,Telephono,rock,0K1q0nXQ8is36PzOKAMbNe
7FmFrpX1YZIQe04K4otguy,Forever in Bloom,rock,0U7iI0Dk4Ojvi17nZboNO4
5ceXf0IiVF9EnGSMB7jW7t,Changes,rock,0U7iI0Dk4Ojvi17nZboNO4
4Y5QsHkPdu0QsIxzI12YFI,Sound & Color (Deluxe Edition),rock,16GcWuvvybAoaHr0NqT8Eh
2G9ntyxiHbD6yK9RxaB7Cy,Boys & Girls,rock,16GcWuvvybAoaHr0NqT8Eh
2VuZJsJBPLwg9BeQFQle8G,Social Cues,rock,26T3LtbuGT1Fu9m0eRq5X3
4zpN41aGAYPWX3dzE19rH7,Unpeeled,rock,26T3LtbuGT1Fu9m0eRq5X3
0nW0w37lrQ87k7PLZvC4qJ,Tell Me I'm Pretty,rock,26T3LtbuGT1Fu9m0eRq5X3
4EK8gtQfdVsmDTji7gBFlz,Melophobia,rock,26T3LtbuGT1Fu9m0eRq5X3
15KUSccm6GCtiAyFeGLaTx,Live From The Vic In Chicago,rock,26T3LtbuGT1Fu9m0eRq5X3
0WizSRN8LuMWhliou9PFlg,Thank You Happy Birthday,rock,26T3LtbuGT1Fu9m0eRq5X3
20ZUpVxx8J91MBC4BYJdSb,Cage The Elephant,rock,26T3LtbuGT1Fu9m0eRq5X3
0j5ordW5EZlElgcED0p1JH,Paintings Of Rebellion (Live '95),rock,2d0hyoQ5ynDBnkvAbJKORj
5lexBcLuhxCaLB8LbM3JvR,The Battle Of Mexico City (Live),rock,2d0hyoQ5ynDBnkvAbJKORj
5tQjJRsqTVaK9NZ7Rh02en,Live at the Grand Olympic Auditorium,rock,2d0hyoQ5ynDBnkvAbJKORj
6iVOwFVjFRoQPgj8GUwSsi,Renegades,rock,2d0hyoQ5ynDBnkvAbJKORj
2eia0myWFgoHuttJytCxgX,The Battle Of Los Angeles,rock,2d0hyoQ5ynDBnkvAbJKORj
24E6rDvGDuYFjlGewp4ntF,Evil Empire,rock,2d0hyoQ5ynDBnkvAbJKORj
4LaRYkT4oy47wEuQgkLBul,Rage Against The Machine,rock,2d0hyoQ5ynDBnkvAbJKORj
4Io5vWtmV1rFj4yirKb4y4,Rage Against The Machine - XX (20th Anniversary Special Edition),rock,2d0hyoQ5ynDBnkvAbJKORj
1a15dDOiwz5ebSxk1ZeFB5,All The Light Above It Too,rock,3GBPw9NK25X1Wt2OUvOwY3
3z0ah0DTRYEZDbi5MWmBnX,From Here To Now To You,rock,3GBPw9NK25X1Wt2OUvOwY3
0N9g1klLNTWcRharbEVsPB,To The Sea,rock,3GBPw9NK25X1Wt2OUvOwY3
4ixba2RP3g7Mq41VVk83Rx,En Concert,rock,3GBPw9NK25X1Wt2OUvOwY3
3fa8r86AofGDNs1S2d3xgz,Sleep Through The Static,rock,3GBPw9NK25X1Wt2OUvOwY3
7t7NcQkBgeFVIWkyTlPr7T,Jack Johnson And Friends: Sing-A-Longs And Lullabies For The Film Curious George,rock,3GBPw9NK25X1Wt2OUvOwY3
0kYv61g7n6ZPe2TVaIBeeJ,Sing-A-Longs & Lullabies For The Film Curious George,rock,3GBPw9NK25X1Wt2OUvOwY3
2B9q4KPjOEYu885Keo9dfX,In Between Dreams,rock,3GBPw9NK25X1Wt2OUvOwY3
3Tt1mdezAOx4vjcOovItbV,On and On,rock,3GBPw9NK25X1Wt2OUvOwY3
3h5FWXoJEw2MFmUOMfVke2,Marauder,rock,3WaJSfKnzc65VDgmj2zU8B
4QuNiDWbkpcSYDZd0H7zwN,Spotify Session,rock,3WaJSfKnzc65VDgmj2zU8B
0YAtJCLY8ogFUjdopdHsyS,El Pintor,rock,3WaJSfKnzc65VDgmj2zU8B
72il2QTORUM9V5dFVR3Qau,Interpol,rock,3WaJSfKnzc65VDgmj2zU8B
3YSlq716lXQhnFTxp6z4Tb,Our Love To Admire,rock,3WaJSfKnzc65VDgmj2zU8B
2OFkUKYNNFQ74kJOSc9gzz,Antics,rock,3WaJSfKnzc65VDgmj2zU8B
4sW8Eql2e2kdRP1A1R1clG,Turn On The Bright Lights,rock,3WaJSfKnzc65VDgmj2zU8B
6bP7oaO2CxYqVeTYmWkHjx,Reduxer,rock,3XHO7cRUPCLOr6jwp8vsx5
3uHMSQ1cC1fFAi4WMnelQP,RELAXER,rock,3XHO7cRUPCLOr6jwp8vsx5
7o4PuyHVheFLr9ZEumZnQg,Live at Red Rocks,rock,3XHO7cRUPCLOr6jwp8vsx5
4oktVvRuO1In9B7Hz0xm0a,This Is All Yours,rock,3XHO7cRUPCLOr6jwp8vsx5
2AxfZb5aQHIXgsB1HA6OLL,An Awesome Wave,rock,3XHO7cRUPCLOr6jwp8vsx5
7GcnWeopUkyCwFFEt6RrsA,"Yours, Dreamily,",rock,3mVWMgLc7bcyCBtL2ymZwK
4ZUryKKDhiMXcD4fluAEhl,Hyperspace,rock,3vbKDsSS70ZX9D2OcvbZmS
4HxUGZcGJ8ZK35ClzYlX4Z,Colors,rock,3vbKDsSS70ZX9D2OcvbZmS
2Qx7dgA5VjX8JDQaXVxzHu,Morning Phase,rock,3vbKDsSS70ZX9D2OcvbZmS
1Wevdui6vRd9olTF4ipEu8,One Foot in the Grave (Deluxe Reissue),rock,3vbKDsSS70ZX9D2OcvbZmS
3D278bVsRcK48RvV5yLVt8,Modern Guilt,rock,3vbKDsSS70ZX9D2OcvbZmS
4vvGnnUgid9IbTS3sUVYCF,The Information,rock,3vbKDsSS70ZX9D2OcvbZmS
2EugWXUZjr78KJFqZavvZT,Guero,rock,3vbKDsSS70ZX9D2OcvbZmS
3WDx0v3icxlFTwLEYmO7XK,Guerolito,rock,3vbKDsSS70ZX9D2OcvbZmS
1Pus5h1qGedCn4CtOuPVtp,Odelay,rock,3vbKDsSS70ZX9D2OcvbZmS
5ieP11rJQvuYz0Ov3k03cy,Sea Change,rock,3vbKDsSS70ZX9D2OcvbZmS
4kz1Jndkh2yQJVKHwcvbBU,Midnite Vultures,rock,3vbKDsSS70ZX9D2OcvbZmS
3IY3Oh7Gge0GCx7kWieEHc,Mutations,rock,3vbKDsSS70ZX9D2OcvbZmS
7FkJxlcljM6Ix0pC2JSNOE,Untourable Album,rock,3zmfs9cQwzJl575W1ZYXeT
4p73PcjJvWer7WDYXcGetn,Forever Live Sessions,rock,3zmfs9cQwzJl575W1ZYXeT
4W4gNYa4tt3t8V6FmONWEK,Oncle Jazz,rock,3zmfs9cQwzJl575W1ZYXeT
4gUbxHmLI5e9ygyg1iLynP,Headroom,rock,3zmfs9cQwzJl575W1ZYXeT
4wxfSOwc8WNRg8TRLUMjMA,Men I Trust,rock,3zmfs9cQwzJl575W1ZYXeT
6GihsFNBG2k9xGjJ8U0G2E,White Blood Cells (Deluxe),rock,4F84IBURUo98rz4r61KF70
5LUyvB9pUPm4Lrgt1Go53W,Under Great White Northern Lights (Live),rock,4F84IBURUo98rz4r61KF70
2DSNJ8bdoYfC6Uydg8ilBC,Icky Thump,rock,4F84IBURUo98rz4r61KF70
3rHeq4F5wnaLBjNtuz7Yvh,Get Behind Me Satan,rock,4F84IBURUo98rz4r61KF70
6D9urpsOWWKtYvF6PaorGE,Elephant,rock,4F84IBURUo98rz4r61KF70
6Xvc1TfpVEhDeHhmTQEtp0,White Blood Cells,rock,4F84IBURUo98rz4r61KF70
3jqKVacx9hnu47kCAG55T3,De Stijl,rock,4F84IBURUo98rz4r61KF70
4Nemfc7fJzJmmqhBQ8khhj,The White Stripes,rock,4F84IBURUo98rz4r61KF70
6btUx9G2BPajQ7P6mpTxId,Boarding House Reach,rock,4FZ3j1oH43e7cukCALsCwf
28ZpbmiMcDjsms2UKjILCr,Jack White Acoustic Recordings 1998 - 2016,rock,4FZ3j1oH43e7cukCALsCwf
36LXzRarDP8TU8K0REGpt6,Lazaretto,rock,4FZ3j1oH43e7cukCALsCwf
6eSJ0lu0uwtiqXkP7Qrrno,Blunderbuss,rock,4FZ3j1oH43e7cukCALsCwf
7vuIN24G18PAUAvjnICyA6,Villains,rock,4pejUc4iciQfgdX6OKulQn
5T5NM01392dvvd4EhGrCnj,...Like Clockwork,rock,4pejUc4iciQfgdX6OKulQn
10UBEkRjqtl0iT2BRAwcto,Rated R - Deluxe Edition,rock,4pejUc4iciQfgdX6OKulQn
1w71aBHYJ1zTOsSsmr2Fca,Era Vulgaris,rock,4pejUc4iciQfgdX6OKulQn
2vQTLy1EZ9JPaUU68lUMgR,Over The Years And Through The Woods (Live At Brixton Academy / 2005),rock,4pejUc4iciQfgdX6OKulQn
68ZycIjwlQ0fvtaxVXmgn8,Lullabies To Paralyze,rock,4pejUc4iciQfgdX6OKulQn
4w3NeXtywU398NYW4903rY,Songs For The Deaf,rock,4pejUc4iciQfgdX6OKulQn
05tJhGl52X4zGe0ySlcBk6,Rated R,rock,4pejUc4iciQfgdX6OKulQn
0PSTqZ8cInMb1Wr68Uqdwp,Queens of the Stone Age,rock,4pejUc4iciQfgdX6OKulQn
1OMEu56fo3rz6Oo0e0vYxQ,Live At Electric Lady,rock,4wo1267SJuUfHgasdlfNfc
3AnV7qjEjoZVJk6pN5GmZM,Help Us Stranger,rock,4wo1267SJuUfHgasdlfNfc
3yx8gEFlojRtt2WBhmxwfg,Consolers of the Lonely,rock,4wo1267SJuUfHgasdlfNfc
4Z1sCXBHHKWCsScOLAfuig,Broken Boy Soldiers,rock,4wo1267SJuUfHgasdlfNfc
2nqN17GamlZsJIzS5KeXmJ,7,rock,56ZTgzPBDge0OvCGgMO3OY
2K3XaSsGQ9Bxxr7byYAcrO,B-Sides and Rarities,rock,56ZTgzPBDge0OvCGgMO3OY
2LY64XcNbQ2bSjjsrbODlL,Thank Your Lucky Stars,rock,56ZTgzPBDge0OvCGgMO3OY
07GUau4V9oCOW07nSUeF2t,Depression Cherry,rock,56ZTgzPBDge0OvCGgMO3OY
0AL7olZ75pi55q9p1eHaD8,Bloom,rock,56ZTgzPBDge0OvCGgMO3OY
16mOyRCOCZlKHJYJs6wXCK,Teen Dream,rock,56ZTgzPBDge0OvCGgMO3OY
65BL1WmHblGCNmhzfgYEyD,InnerSpeaker (10 Year Anniversary Edition),rock,5INjqkS1o8h1imAzPqGZBb
31qVWUdRrlb8thMvts0yYL,The Slow Rush,rock,5INjqkS1o8h1imAzPqGZBb
79dL7FLiJFOO0EoehUHQBv,Currents,rock,5INjqkS1o8h1imAzPqGZBb
44RrnCW7pMIEiiAR3LIAVL,Live Versions,rock,5INjqkS1o8h1imAzPqGZBb
2PYZRakUH5TdOHjGKqKtWv,Lonerism,rock,5INjqkS1o8h1imAzPqGZBb
1DNSmmRLfv97Yjq7MTFWng,InnerSpeaker,rock,5INjqkS1o8h1imAzPqGZBb
0OSYZ7EMRs14RPvwowd13F,Waiting on a Song,rock,6YWdHD3R863Apw1hkx3BwC
67WkdVWTjYlwdaJY13OBlt,Keep It Hid,rock,6YWdHD3R863Apw1hkx3BwC
4JAvwK4APPArjIsOdGoJXX,The Off-Season,rock,6l3HvQ5sa6mXTsMTB19rO5
5PerfGh9Smd6XjwkxpmL4V,Revenge Of The Dreamers III: Director's Cut,rock,6l3HvQ5sa6mXTsMTB19rO5
4Wv5UAieM1LDEYVq5WmqDd,KOD,rock,6l3HvQ5sa6mXTsMTB19rO5
3CCnGldVQ90c26aFATC1PW,4 Your Eyez Only,rock,6l3HvQ5sa6mXTsMTB19rO5
1yZC8xZwv4gsmCZ4p4JWdI,"Forest Hills Drive: Live from Fayetteville, NC",rock,6l3HvQ5sa6mXTsMTB19rO5
7viNUmZZ8ztn2UB4XB3jIL,2014 Forest Hills Drive,rock,6l3HvQ5sa6mXTsMTB19rO5
1ptk2Jtcr40GKPYSnUl7l8,The Blow Up,rock,6l3HvQ5sa6mXTsMTB19rO5
5FP9keIJnlSCKnkdVOf623,Born Sinner (Deluxe Version),rock,6l3HvQ5sa6mXTsMTB19rO5
0fhmJYVhW0e4i33pCLPA5i,Cole World: The Sideline Story,rock,6l3HvQ5sa6mXTsMTB19rO5
1e8cicPvrt3Kc26bKLarKI,The Come Up,rock,6l3HvQ5sa6mXTsMTB19rO5
5eA0qtE7Yu29XiMlwoby2G,Nevermind (30th Anniversary Super Deluxe),rock,6olE6TJLqED3rqDCT0FyPh
1tsNAUQqofHrnlezRK8D5R,MTV Unplugged In New York (25th Anniversary),rock,6olE6TJLqED3rqDCT0FyPh
4Sdfp3NL90GZoYYwLmhk0H,Live And Loud,rock,6olE6TJLqED3rqDCT0FyPh
5A7qhg1w3J1GVoPPTChYCF,Live At The Paramount,rock,6olE6TJLqED3rqDCT0FyPh
6xjvoE75vW64UU74ByODef,In Bloom Collection,rock,6olE6TJLqED3rqDCT0FyPh
4B1B9LCNXJdnuLtfyEqpGX,Nevermind (Super Deluxe Edition),rock,6olE6TJLqED3rqDCT0FyPh
01Z1nufhjxJVXVDuMRmNEM,Live at Reading,rock,6olE6TJLqED3rqDCT0FyPh
5zBPRXCAc801vyHWoRurNZ,Nirvana,rock,6olE6TJLqED3rqDCT0FyPh
26paS1Rzj1L0d3Zr1WBTIj,From The Muddy Banks Of The Wishkah (Live),rock,6olE6TJLqED3rqDCT0FyPh
1To7kv722A8SpZF789MZy7,MTV Unplugged In New York,rock,6olE6TJLqED3rqDCT0FyPh
6ohX7moZZnF1FwYrli1OJ6,In Utero - 20th Anniversary - Deluxe Edition,rock,6olE6TJLqED3rqDCT0FyPh
6ICrBzsbHVluGHP8wGK4Y3,Incesticide,rock,6olE6TJLqED3rqDCT0FyPh
6yaiubHHJy8N8QcHy3julo,Nevermind,rock,6olE6TJLqED3rqDCT0FyPh
5qteDmbjYSYe4lxOYSwjoj,3.15.20,rock,73sIBHcqh3Z3NyqHKZ7FOL
4Carzsnpd6yvuHZ49I0oz8,"""Awaken, My Love!""",rock,73sIBHcqh3Z3NyqHKZ7FOL
5dVKggb6Nvfp7JJdLfHPof,Kauai,rock,73sIBHcqh3Z3NyqHKZ7FOL
4GNIhgEGXzWGAefgN5qjdU,Because the Internet,rock,73sIBHcqh3Z3NyqHKZ7FOL
5521VBNriW9xUAaTETHQTE,Heartbeat (Remix Bundle),rock,73sIBHcqh3Z3NyqHKZ7FOL
32KdoFFhgjCLdU0DWL71tx,Camp,rock,73sIBHcqh3Z3NyqHKZ7FOL
7Heaa0B4KOxdWhSICTR2wE,Live at the Royal Albert Hall,rock,7Ln80lUS6He07XvHI8qqHH
1jeMiSeSnNS0Oys375qegp,Tranquility Base Hotel & Casino,rock,7Ln80lUS6He07XvHI8qqHH
78bpIziExqiI9qztvNFlQu,AM,rock,7Ln80lUS6He07XvHI8qqHH
2KhJyDQAtauN6plT5PkfnV,Suck It and See,rock,7Ln80lUS6He07XvHI8qqHH
5ZnOKznPxZTWuMusR4tmGG,Humbug,rock,7Ln80lUS6He07XvHI8qqHH
6rsQnwaoJHxXJRCDBPkBRw,Favourite Worst Nightmare (Standard Version),rock,7Ln80lUS6He07XvHI8qqHH
0ndGMh4twJNzPpr5XtHTR2,"Whatever People Say I Am, That's What I'm Not",rock,7Ln80lUS6He07XvHI8qqHH
1xx5TFBW9TND9G32O3wKCt,El Camino (10th Anniversary Super Deluxe Edition),rock,7mnBLXK823vNxN3UWB7Gfz
682pJqnx8hcrCfSjvyNBki,Delta Kream,rock,7mnBLXK823vNxN3UWB7Gfz
7lhJVTvqL3QbwGN12QLiVj,Brothers (Deluxe Remastered Anniversary Edition),rock,7mnBLXK823vNxN3UWB7Gfz
44V0qH66WFj3OES3ZhgZSs,The Black Keys the Early Years,rock,7mnBLXK823vNxN3UWB7Gfz
0aA9rYw8PEv9G7tVIJ9dKg,"""Let's Rock""",rock,7mnBLXK823vNxN3UWB7Gfz
6TvxpBzf9c8H1fsrAaQ8t3,Turn Blue,rock,7mnBLXK823vNxN3UWB7Gfz
5DLhV9yOvZ7IxVmljMXtNm,El Camino,rock,7mnBLXK823vNxN3UWB7Gfz
7qE6RXYyz5kj5Tll7mJU0v,Brothers,rock,7mnBLXK823vNxN3UWB7Gfz
1YHS3Fw8THvsKVVQ1znAqi,Attack & Release,rock,7mnBLXK823vNxN3UWB7Gfz
1YQS4GZKTBZPh74m5mVAdG,Magic Potion,rock,7mnBLXK823vNxN3UWB7Gfz
2AVD0ER8QWQKOrOKqvgBmE,Chulahoma,rock,7mnBLXK823vNxN3UWB7Gfz
41HJQeyfhFbnyUE4Thk5XQ,Rubber Factory,rock,7mnBLXK823vNxN3UWB7Gfz
4uLmYH4S663VosVuVQIm2H,Thickfreakness,rock,7mnBLXK823vNxN3UWB7Gfz
